--seed.sql

INSERT INTO USER (user_id, first_name, last_name, email, password_hash, phone_number, role, created_at) VALUES
  ('00000000-0000-0000-0000-000000000001', 'Alice', 'Johnson', 'alice@example.com', 'hash1', '0700000001', 'host', CURRENT_TIMESTAMP),
  ('00000000-0000-0000-0000-000000000002', 'Bob', 'Smith', 'bob@example.com', 'hash2', '0700000002', 'guest', CURRENT_TIMESTAMP),
  ('00000000-0000-0000-0000-000000000003', 'Carol', 'Mbugua', 'carol@example.com', 'hash3', '0700000003', 'admin', CURRENT_TIMESTAMP),
  ('00000000-0000-0000-0000-000000000004', 'David', 'Kimani', 'david@example.com', 'hash4', '0700000004', 'host', CURRENT_TIMESTAMP);

INSERT INTO PROPERTY (property_id, host_id, name, description, location, price_per_night, created_at, updated_at) VALUES
  ('10000000-0000-0000-0000-000000000001', '00000000-0000-0000-0000-000000000001', 'Oceanview Apartment', 'Beachfront 2-bedroom apartment.', 'Mombasa, Kenya', 120.00, CURRENT_TIMESTAMP, CURRENT_TIMESTAMP),
  ('10000000-0000-0000-0000-000000000002', '00000000-0000-0000-0000-000000000001', 'Nairobi Studio', 'Cozy studio in the city center.', 'Nairobi, Kenya', 45.00, CURRENT_TIMESTAMP, CURRENT_TIMESTAMP),
  ('10000000-0000-0000-0000-000000000003', '00000000-0000-0000-0000-000000000004', 'Treehouse Escape', 'Rustic treehouse in the forest.', 'Naivasha, Kenya', 75.00, CURRENT_TIMESTAMP, CURRENT_TIMESTAMP),
  ('10000000-0000-0000-0000-000000000004', '00000000-0000-0000-0000-000000000004', 'Mountain Cabin', 'Secluded cabin with mountain views.', 'Mt. Kenya, Kenya', 90.00, CURRENT_TIMESTAMP, CURRENT_TIMESTAMP);

INSERT INTO BOOKING (booking_id, property_id, user_id, start_date, end_date, total_price, status, created_at) VALUES
  ('20000000-0000-0000-0000-000000000001', '10000000-0000-0000-0000-000000000001', '00000000-0000-0000-0000-000000000002', '2025-07-10', '2025-07-15', 600.00, 'confirmed', CURRENT_TIMESTAMP),
  ('20000000-0000-0000-0000-000000000002', '10000000-0000-0000-0000-000000000002', '00000000-0000-0000-0000-000000000002', '2025-08-01', '2025-08-05', 180.00, 'pending', CURRENT_TIMESTAMP),
  ('20000000-0000-0000-0000-000000000003', '10000000-0000-0000-0000-000000000003', '00000000-0000-0000-0000-000000000003', '2025-09-05', '2025-09-08', 225.00, 'canceled', CURRENT_TIMESTAMP),
  ('20000000-0000-0000-0000-000000000004', '10000000-0000-0000-0000-000000000004', '00000000-0000-0000-0000-000000000002', '2025-09-10', '2025-09-12', 180.00, 'confirmed', CURRENT_TIMESTAMP);

INSERT INTO PAYMENT (payment_id, booking_id, amount, payment_date, payment_method) VALUES
  ('30000000-0000-0000-0000-000000000001', '20000000-0000-0000-0000-000000000001', 600.00, CURRENT_TIMESTAMP, 'credit_card'),
  ('30000000-0000-0000-0000-000000000002', '20000000-0000-0000-0000-000000000002', 180.00, CURRENT_TIMESTAMP, 'paypal'),
  ('30000000-0000-0000-0000-000000000003', '20000000-0000-0000-0000-000000000004', 180.00, CURRENT_TIMESTAMP, 'stripe'),
  ('30000000-0000-0000-0000-000000000004', '20000000-0000-0000-0000-000000000003', 225.00, CURRENT_TIMESTAMP, 'credit_card');

INSERT INTO LOCATION (location_id, city, state, country) VALUES
  ('60000000-0000-0000-0000-000000000001', 'Mombasa', NULL, 'Kenya'),
  ('60000000-0000-0000-0000-000000000002', 'Nairobi', NULL, 'Kenya'),
  ('60000000-0000-0000-0000-000000000003', 'Naivasha', NULL, 'Kenya'),
  ('60000000-0000-0000-0000-000000000004', 'Mt. Kenya', NULL, 'Kenya');





